title,description,status,priority,due_date,assigned_email
Performance task 1,Generated test row 1,todo,medium,2026-12-31,
Performance task 2,Generated test row 2,todo,medium,2026-12-31,
Performance task 3,Generated test row 3,in_progress,medium,2026-12-31,
Performance task 4,Generated test row 4,todo,medium,2026-12-31,
Performance task 5,Generated test row 5,todo,medium,2026-12-31,
Performance task 6,Generated test row 6,in_progress,medium,2026-12-31,
Performance task 7,Generated test row 7,todo,medium,2026-12-31,
Performance task 8,Generated test row 8,todo,medium,2026-12-31,
Performance task 9,Generated test row 9,in_progress,medium,2026-12-31,
Performance task 10,Generated test row 10,todo,high,2026-12-31,
Performance task 11,Generated test row 11,todo,medium,2026-12-31,
Performance task 12,Generated test row 12,in_progress,medium,2026-12-31,
Performance task 13,Generated test row 13,todo,medium,2026-12-31,
Performance task 14,Generated test row 14,todo,medium,2026-12-31,
Performance task 15,Generated test row 15,in_progress,medium,2026-12-31,
Performance task 16,Generated test row 16,todo,medium,2026-12-31,
Performance task 17,Generated test row 17,todo,medium,2026-12-31,
Performance task 18,Generated test row 18,in_progress,medium,2026-12-31,
Performance task 19,Generated test row 19,todo,medium,2026-12-31,
Performance task 20,Generated test row 20,todo,high,2026-12-31,
Performance task 21,Generated test row 21,in_progress,medium,2026-12-31,
Performance task 22,Generated test row 22,todo,medium,2026-12-31,
Performance task 23,Generated test row 23,todo,medium,2026-12-31,
Performance task 24,Generated test row 24,in_progress,medium,2026-12-31,
Performance task 25,Generated test row 25,todo,medium,2026-12-31,
Performance task 26,Generated test row 26,todo,medium,2026-12-31,
Performance task 27,Generated test row 27,in_progress,medium,2026-12-31,
Performance task 28,Generated test row 28,todo,medium,2026-12-31,
Performance task 29,Generated test row 29,todo,medium,2026-12-31,
Performance task 30,Generated test row 30,in_progress,high,2026-12-31,
Performance task 31,Generated test row 31,todo,medium,2026-12-31,
Performance task 32,Generated test row 32,todo,medium,2026-12-31,
Performance task 33,Generated test row 33,in_progress,medium,2026-12-31,
Performance task 34,Generated test row 34,todo,medium,2026-12-31,
Performance task 35,Generated test row 35,todo,medium,2026-12-31,
Performance task 36,Generated test row 36,in_progress,medium,2026-12-31,
Performance task 37,Generated test row 37,todo,medium,2026-12-31,
Performance task 38,Generated test row 38,todo,medium,2026-12-31,
Performance task 39,Generated test row 39,in_progress,medium,2026-12-31,
Performance task 40,Generated test row 40,todo,high,2026-12-31,
Performance task 41,Generated test row 41,todo,medium,2026-12-31,
Performance task 42,Generated test row 42,in_progress,medium,2026-12-31,
Performance task 43,Generated test row 43,todo,medium,2026-12-31,
Performance task 44,Generated test row 44,todo,medium,2026-12-31,
Performance task 45,Generated test row 45,in_progress,medium,2026-12-31,
Performance task 46,Generated test row 46,todo,medium,2026-12-31,
Performance task 47,Generated test row 47,todo,medium,2026-12-31,
Performance task 48,Generated test row 48,in_progress,medium,2026-12-31,
Performance task 49,Generated test row 49,todo,medium,2026-12-31,
Performance task 50,Generated test row 50,todo,high,2026-12-31,
Performance task 51,Generated test row 51,in_progress,medium,2026-12-31,
Performance task 52,Generated test row 52,todo,medium,2026-12-31,
Performance task 53,Generated test row 53,todo,medium,2026-12-31,
Performance task 54,Generated test row 54,in_progress,medium,2026-12-31,
Performance task 55,Generated test row 55,todo,medium,2026-12-31,
Performance task 56,Generated test row 56,todo,medium,2026-12-31,
Performance task 57,Generated test row 57,in_progress,medium,2026-12-31,
Performance task 58,Generated test row 58,todo,medium,2026-12-31,
Performance task 59,Generated test row 59,todo,medium,2026-12-31,
Performance task 60,Generated test row 60,in_progress,high,2026-12-31,
Performance task 61,Generated test row 61,todo,medium,2026-12-31,
Performance task 62,Generated test row 62,todo,medium,2026-12-31,
Performance task 63,Generated test row 63,in_progress,medium,2026-12-31,
Performance task 64,Generated test row 64,todo,medium,2026-12-31,
Performance task 65,Generated test row 65,todo,medium,2026-12-31,
Performance task 66,Generated test row 66,in_progress,medium,2026-12-31,
Performance task 67,Generated test row 67,todo,medium,2026-12-31,
Performance task 68,Generated test row 68,todo,medium,2026-12-31,
Performance task 69,Generated test row 69,in_progress,medium,2026-12-31,
Performance task 70,Generated test row 70,todo,high,2026-12-31,
Performance task 71,Generated test row 71,todo,medium,2026-12-31,
Performance task 72,Generated test row 72,in_progress,medium,2026-12-31,
Performance task 73,Generated test row 73,todo,medium,2026-12-31,
Performance task 74,Generated test row 74,todo,medium,2026-12-31,
Performance task 75,Generated test row 75,in_progress,medium,2026-12-31,
Performance task 76,Generated test row 76,todo,medium,2026-12-31,
Performance task 77,Generated test row 77,todo,medium,2026-12-31,
Performance task 78,Generated test row 78,in_progress,medium,2026-12-31,
Performance task 79,Generated test row 79,todo,medium,2026-12-31,
Performance task 80,Generated test row 80,todo,high,2026-12-31,
Performance task 81,Generated test row 81,in_progress,medium,2026-12-31,
Performance task 82,Generated test row 82,todo,medium,2026-12-31,
Performance task 83,Generated test row 83,todo,medium,2026-12-31,
Performance task 84,Generated test row 84,in_progress,medium,2026-12-31,
Performance task 85,Generated test row 85,todo,medium,2026-12-31,
Performance task 86,Generated test row 86,todo,medium,2026-12-31,
Performance task 87,Generated test row 87,in_progress,medium,2026-12-31,
Performance task 88,Generated test row 88,todo,medium,2026-12-31,
Performance task 89,Generated test row 89,todo,medium,2026-12-31,
Performance task 90,Generated test row 90,in_progress,high,2026-12-31,
Performance task 91,Generated test row 91,todo,medium,2026-12-31,
Performance task 92,Generated test row 92,todo,medium,2026-12-31,
Performance task 93,Generated test row 93,in_progress,medium,2026-12-31,
Performance task 94,Generated test row 94,todo,medium,2026-12-31,
Performance task 95,Generated test row 95,todo,medium,2026-12-31,
Performance task 96,Generated test row 96,in_progress,medium,2026-12-31,
Performance task 97,Generated test row 97,todo,medium,2026-12-31,
Performance task 98,Generated test row 98,todo,medium,2026-12-31,
Performance task 99,Generated test row 99,in_progress,medium,2026-12-31,
Performance task 100,Generated test row 100,invalid_status,high,2026-12-31,
